open_timestamp_utc,close_timestamp_utc,open,high,low,close,volume
1555671600,1555675199,298.36,300.1,297.37,299.0,1033.29
1555675200,1555678799,299.36,299.62,297.16,299.03,847.45
1555678800,1555682399,299.03,299.57,297.51,297.91,354.6
1555682400,1555685999,297.9,298.87,295.5,296.69,968.35
1555686000,1555689599,296.7,300.0,296.7,298.72,1499.0
1555689600,1555693199,298.72,313.2,298.06,306.47,7919.09
1555693200,1555696799,306.2,309.41,306.0,308.11,1032.6
1555696800,1555700399,308.01,308.07,305.79,306.85,1173.54
1555700400,1555703999,306.41,307.81,301.12,306.17,4225.83
1555704000,1555707599,306.17,308.54,303.23,304.29,1347.8
1555707600,1555711199,304.5,305.26,302.58,304.0,507.25
1555711200,1555714799,304.0,305.65,303.37,305.65,544.39
1555714800,1555718399,305.44,308.0,305.01,306.92,736.37
1555718400,1555721999,306.97,309.13,306.0,306.97,2148.39
1555722000,1555725599,306.61,309.5,306.41,308.96,1053.04
1555725600,1555729199,308.94,309.69,306.72,307.54,1838.67
1555729200,1555732799,307.51,307.99,306.09,306.69,517.56
1555732800,1555736399,306.5,308.82,305.07,308.23,1123.54
1555736400,1555739999,308.04,308.04,306.97,307.84,345.79
1555740000,1555743599,307.8,308.0,305.9,306.55,486.21
1555743600,1555747199,306.55,307.29,305.2,306.5,489.06
1555747200,1555750799,306.5,308.5,304.33,305.94,737.17
1555750800,1555754399,305.71,305.83,304.0,304.15,365.65
1555754400,1555757999,304.0,304.06,301.65,302.8,1409.34
1555758000,1555761599,303.02,304.41,301.97,302.92,704.76
1555761600,1555765199,302.92,304.28,302.91,303.23,292.6
1555765200,1555768799,303.24,303.76,302.48,302.68,712.79
1555768800,1555772399,302.76,303.42,301.01,302.32,926.93
1555772400,1555775999,301.92,305.86,301.75,303.43,1045.42
1555776000,1555779599,303.42,303.68,301.89,302.82,878.65
1555779600,1555783199,302.83,303.33,301.2,301.3,696.12
1555783200,1555786799,301.73,302.56,301.36,301.8,529.52
1555786800,1555790399,301.73,302.17,301.37,301.37,394.82
1555790400,1555793999,301.49,303.35,301.44,301.93,498.94
1555794000,1555797599,301.91,302.43,294.63,297.78,3210.97
1555797600,1555801199,297.49,301.86,297.49,299.61,1394.58
1555801200,1555804799,299.41,301.86,298.51,300.12,637.98
1555804800,1555808399,300.18,302.97,299.93,302.31,958.68
1555808400,1555811999,302.31,302.97,300.99,301.33,576.03
1555812000,1555815599,301.36,302.38,300.99,301.55,333.27
1555815600,1555819199,301.56,302.9,301.39,301.71,613.58
1555819200,1555822799,301.55,302.2,299.38,299.75,903.2
1555822800,1555826399,299.73,299.73,296.8,298.0,1364.24
1555826400,1555829999,297.98,298.92,297.68,298.72,292.89
1555830000,1555833599,298.72,299.69,296.27,296.83,758.27
1555833600,1555837199,296.71,297.42,292.1,294.71,4504.8
1555837200,1555840799,294.32,294.53,284.68,286.98,4654.83
1555840800,1555844399,287.38,289.05,283.43,286.87,2832.31
1555844400,1555847999,286.87,288.8,284.21,285.86,1757.51
1555848000,1555851599,285.76,286.04,280.0,285.31,3322.87
1555851600,1555855199,285.54,289.67,285.42,285.6,1716.29
1555855200,1555858799,286.5,287.03,284.42,285.91,1895.72
1555858800,1555862399,285.87,288.05,283.08,286.61,2618.05
1555862400,1555865999,286.52,287.24,283.39,283.58,1005.89
1555866000,1555869599,283.45,284.74,281.03,282.98,1647.76
1555869600,1555873199,282.74,285.66,282.47,283.93,1884.26
1555873200,1555876799,284.08,286.48,283.13,285.85,1309.48
1555876800,1555880399,285.84,287.33,285.51,285.8,886.57
1555880400,1555883999,285.91,287.22,285.42,286.45,1077.28
1555884000,1555887599,286.45,293.09,286.06,292.06,3083.84
1555887600,1555891199,292.07,292.07,288.45,290.53,726.18
1555891200,1555894799,290.44,294.5,289.63,292.46,1420.61
1555894800,1555898399,292.43,294.2,289.59,291.98,1053.49
1555898400,1555901999,292.35,292.77,288.21,290.23,1279.72
1555902000,1555905599,290.01,290.15,286.89,287.02,967.52
1555905600,1555909199,287.02,289.48,287.02,288.76,521.1
1555909200,1555912799,288.77,290.23,287.27,287.55,607.77
1555912800,1555916399,287.96,289.17,287.37,288.81,435.28
1555916400,1555919999,288.85,289.17,288.01,288.29,461.08
1555920000,1555923599,288.26,295.0,288.26,293.12,873.18
1555923600,1555927199,293.11,293.99,291.04,293.49,768.61
1555927200,1555930799,293.51,296.0,291.99,295.5,1168.15
1555930800,1555934399,295.5,296.0,293.4,293.94,720.86
1555934400,1555937999,293.92,294.8,292.42,292.72,1169.23
1555938000,1555941599,292.52,292.55,288.74,289.67,1656.74
1555941600,1555945199,289.32,293.5,288.18,292.09,1231.54
1555945200,1555948799,292.26,296.0,289.69,290.42,4214.83
1555948800,1555952399,290.5,291.89,287.33,289.31,3033.65
1555952400,1555955999,289.42,294.36,289.41,292.48,2196.36
1555956000,1555959599,292.6,293.88,289.22,293.86,3287.07
1555959600,1555963199,293.88,295.88,291.5,293.33,4267.96
1555963200,1555966799,293.32,294.37,292.0,292.0,1575.79
1555966800,1555970399,292.0,293.48,291.24,293.28,839.53
1555970400,1555973999,293.28,295.79,293.23,295.16,1219.28
1555974000,1555977599,295.14,295.14,292.49,292.88,686.96
1555977600,1555981199,292.81,293.46,291.02,292.32,1049.7
1555981200,1555984799,292.31,293.03,291.51,292.65,410.96
1555984800,1555988399,292.58,294.0,292.5,293.9,732.42
1555988400,1555991999,293.59,294.2,292.2,292.8,1667.48
1555992000,1555995599,292.83,312.02,292.39,304.25,11661.77
1555995600,1555999199,304.5,307.5,303.0,305.4,1945.03
1555999200,1556002799,305.41,305.69,302.01,303.62,1706.52
1556002800,1556006399,303.61,305.53,303.0,304.76,721.5
1556006400,1556009999,304.87,307.6,304.52,304.52,809.23
1556010000,1556013599,304.68,304.68,301.79,303.28,1925.68
1556013600,1556017199,302.77,304.13,302.2,302.9,578.79
1556017200,1556020799,302.87,303.33,299.0,301.48,1931.69
1556020800,1556024399,301.48,304.0,300.94,302.54,1424.36
1556024400,1556027999,302.64,303.01,301.27,301.43,1452.69
1556028000,1556031599,301.55,302.78,300.45,301.7,1556.62
1556031600,1556035199,301.63,301.63,296.69,297.79,3057.17
1556035200,1556038799,297.8,300.57,295.1,299.06,2001.48
1556038800,1556042399,299.05,300.78,297.01,297.49,1927.82
1556042400,1556045999,297.6,299.2,297.5,298.07,1087.76
1556046000,1556049599,298.46,298.52,295.85,296.36,1776.72
1556049600,1556053199,296.41,297.19,294.72,296.21,844.26
1556053200,1556056799,296.29,296.3,294.28,295.92,688.82
1556056800,1556060399,295.8,295.8,287.7,294.43,6177.9
1556060400,1556063999,294.44,294.44,288.25,288.59,2909.57
1556064000,1556067599,288.72,291.98,288.01,289.24,2626.45
1556067600,1556071199,289.22,289.24,278.53,285.45,7228.66
1556071200,1556074799,285.44,288.8,284.08,287.67,2068.25
1556074800,1556078399,287.98,290.2,287.49,288.81,1924.63
1556078400,1556081999,288.8,290.47,286.8,288.4,1362.28
1556082000,1556085599,288.33,288.99,285.4,287.95,967.16
1556085600,1556089199,287.81,289.12,284.0,285.52,1311.86
1556089200,1556092799,285.68,286.35,272.03,275.9,5475.99
1556092800,1556096399,276.47,278.69,273.76,275.77,1344.0
1556096400,1556099999,275.77,276.77,270.95,273.73,1311.67
1556100000,1556103599,273.95,275.56,269.99,271.98,3065.16
1556103600,1556107199,271.33,279.0,270.87,277.05,2463.41
1556107200,1556110799,276.85,279.24,275.17,275.99,980.97
1556110800,1556114399,275.99,277.25,272.89,272.89,1731.21
1556114400,1556117999,272.9,276.78,272.0,275.63,2376.18
1556118000,1556121599,275.49,277.25,274.53,274.83,1251.36
1556121600,1556125199,274.8,276.67,270.05,270.05,2497.86
1556125200,1556128799,270.03,272.98,269.98,271.01,2313.12
1556128800,1556132399,271.1,272.68,269.13,271.33,3039.64
1556132400,1556135999,271.4,276.68,271.06,275.29,2136.07
1556136000,1556139599,275.25,276.03,273.65,274.75,673.22
1556139600,1556143199,274.79,275.73,274.01,274.97,1626.63
1556143200,1556146799,274.75,279.98,274.45,279.09,1426.32
1556146800,1556150399,278.97,279.47,275.41,278.8,686.79
1556150400,1556153999,278.74,281.0,278.0,279.95,1231.61
1556154000,1556157599,280.05,284.54,279.06,282.51,1827.37
1556157600,1556161199,282.51,283.17,279.29,279.29,539.67
1556161200,1556164799,279.61,281.75,275.4,281.75,1502.86
1556164800,1556168399,280.89,282.87,279.57,279.73,868.86
1556168400,1556171999,279.73,280.79,277.71,280.01,832.09
1556172000,1556175599,279.7,279.78,275.39,277.9,980.01
1556175600,1556179199,277.17,279.64,274.81,279.18,626.97
1556179200,1556182799,278.98,279.6,277.67,278.0,269.2
1556182800,1556186399,277.96,279.25,275.16,278.85,646.1
1556186400,1556189999,278.96,283.99,278.96,282.62,810.6
1556190000,1556193599,282.62,283.65,280.54,283.56,431.75
1556193600,1556197199,283.56,283.73,281.45,281.8,649.81
1556197200,1556200799,281.76,282.03,280.0,281.52,508.74
1556200800,1556204399,281.44,281.55,278.01,280.26,1123.43
1556204400,1556207999,280.26,281.93,279.61,281.3,519.64
1556208000,1556211599,280.7,282.19,279.75,281.36,1222.05
1556211600,1556215199,281.61,282.28,280.02,280.92,726.9
1556215200,1556218799,280.91,282.17,280.33,281.09,607.75
1556218800,1556222399,281.09,282.34,280.82,281.26,709.81
1556222400,1556225999,281.34,282.52,280.65,282.49,509.26
1556226000,1556229599,282.52,283.23,275.6,276.11,2280.37
1556229600,1556233199,276.07,276.07,256.31,265.6,15181.03
1556233200,1556236799,264.79,265.24,261.58,264.0,2988.46
1556236800,1556240399,263.74,264.61,259.43,262.37,2876.87
1556240400,1556243999,262.84,264.7,261.55,262.2,1413.38
1556244000,1556247599,262.14,271.2,261.52,266.26,2930.53
1556247600,1556251199,266.48,267.75,264.52,264.82,1529.6
1556251200,1556254799,265.51,266.8,262.53,262.99,1118.71
1556254800,1556258399,262.86,266.18,262.86,264.16,699.37
1556258400,1556261999,264.19,264.46,261.44,262.5,638.23
1556262000,1556265599,262.69,264.4,261.85,262.31,709.15
1556265600,1556269199,262.75,263.97,262.22,263.0,232.34
1556269200,1556272799,263.0,263.0,258.2,258.29,870.41
1556272800,1556276399,258.49,261.78,258.49,259.8,1353.45
1556276400,1556279999,259.5,260.99,257.4,259.1,1419.68
1556280000,1556283599,259.0,261.27,257.76,260.12,798.37
1556283600,1556287199,259.76,261.29,259.39,260.55,1200.03
1556287200,1556290799,260.64,261.88,259.9,260.86,1498.59
1556290800,1556294399,260.9,261.45,256.26,257.46,2139.29
1556294400,1556297999,257.35,257.35,250.0,255.0,5869.39
1556298000,1556301599,254.9,257.39,252.73,253.81,2978.56
1556301600,1556305199,253.81,255.62,252.39,253.57,1573.74
1556305200,1556308799,253.41,256.0,251.76,255.03,1984.73
1556308800,1556312399,255.16,257.55,254.0,255.59,1291.25
1556312400,1556315999,255.57,258.66,254.39,258.42,1261.74
1556316000,1556319599,258.55,261.42,257.82,257.82,2570.94
1556319600,1556323199,257.82,259.93,256.82,259.47,1142.05
1556323200,1556326799,259.5,261.47,258.89,259.84,894.78
1556326800,1556330399,259.56,262.0,258.09,260.82,802.89
1556330400,1556333999,260.78,261.1,256.87,257.7,533.9
1556334000,1556337599,257.72,258.88,255.94,258.02,532.31
1556337600,1556341199,257.78,258.99,256.2,258.71,572.9
1556341200,1556344799,258.73,259.83,258.35,259.72,260.37
1556344800,1556348399,259.56,260.0,258.93,259.82,180.91
1556348400,1556351999,259.69,259.79,258.13,259.23,298.57
1556352000,1556355599,259.36,259.52,257.77,257.96,94.8
1556355600,1556359199,258.08,258.61,257.0,257.7,299.44
1556359200,1556362799,257.66,258.37,257.21,258.32,391.35
1556362800,1556366399,258.52,260.25,258.52,258.6,579.98
1556366400,1556369999,258.6,259.35,257.9,258.04,412.53
1556370000,1556373599,257.55,258.72,256.03,257.98,237.55
1556373600,1556377199,258.01,260.77,258.01,258.89,485.07
1556377200,1556380799,259.0,259.88,258.11,258.47,265.37
1556380800,1556384399,258.44,261.3,258.43,260.79,884.88
1556384400,1556387999,260.73,262.69,259.81,261.32,991.31
1556388000,1556391599,261.42,262.5,260.24,260.92,552.08
1556391600,1556395199,261.13,264.0,260.98,261.58,1481.22
1556395200,1556398799,261.72,261.96,259.51,260.59,1012.2
1556398800,1556402399,260.5,262.0,260.45,260.63,751.3
1556402400,1556405999,260.64,262.0,260.03,260.88,560.5
1556406000,1556409599,260.93,261.87,258.25,259.42,645.15
1556409600,1556413199,259.45,260.5,258.68,260.21,583.88
1556413200,1556416799,260.27,260.49,259.12,259.72,306.05
1556416800,1556420399,259.88,259.88,258.0,259.16,547.12
1556420400,1556423999,258.92,259.72,258.41,259.71,312.35
1556424000,1556427599,259.75,260.41,259.03,259.2,362.0
1556427600,1556431199,259.21,259.36,258.22,259.34,326.67
1556431200,1556434799,258.89,259.29,256.38,257.98,2256.81
1556434800,1556438399,257.88,259.62,257.62,259.35,423.18
1556438400,1556441999,259.26,260.78,258.33,260.25,313.87
1556442000,1556445599,260.28,260.41,258.86,259.25,372.99
1556445600,1556449199,259.03,261.22,259.03,260.91,283.77
1556449200,1556452799,261.0,261.68,260.2,261.48,300.66
1556452800,1556456399,261.49,261.7,259.48,259.48,211.53
1556456400,1556459999,259.71,260.53,256.07,257.06,744.44
1556460000,1556463599,256.51,258.43,256.51,257.13,831.2
1556463600,1556467199,257.12,259.2,257.11,258.33,907.18
1556467200,1556470799,258.34,258.45,256.67,256.67,626.33
1556470800,1556474399,256.87,258.3,253.5,255.07,1590.76
1556474400,1556477999,255.02,255.02,247.0,249.54,3977.97
1556478000,1556481599,249.71,251.56,244.0,246.2,4276.88
1556481600,1556485199,246.01,249.57,245.68,246.24,1871.83
1556485200,1556488799,246.32,248.5,245.37,246.94,1465.26
1556488800,1556492399,247.25,250.3,247.25,249.91,632.27
1556492400,1556495999,249.9,249.96,248.35,248.84,661.57
1556496000,1556499599,248.93,248.93,247.75,248.1,401.78
1556499600,1556503199,248.1,249.88,246.69,247.61,1255.02
1556503200,1556506799,247.61,249.41,247.0,248.52,491.69
1556506800,1556510399,248.52,249.67,247.76,249.4,389.81
1556510400,1556513999,249.71,249.71,248.46,249.34,877.56
1556514000,1556517599,249.34,249.34,248.29,248.77,201.67
1556517600,1556521199,248.67,249.0,248.16,248.16,103.99
1556521200,1556524799,248.15,248.68,247.25,247.44,234.73
1556524800,1556528399,247.45,247.72,247.06,247.66,108.79
1556528400,1556531999,247.71,248.98,242.24,244.8,960.0
1556532000,1556535599,245.07,245.09,235.94,238.23,4423.01
1556535600,1556539199,237.92,239.82,237.65,238.41,1400.56
1556539200,1556542799,238.35,239.28,232.39,234.26,4744.35
1556542800,1556546399,234.03,236.0,231.05,236.0,4775.46
1556546400,1556549999,236.18,240.0,235.9,236.33,2745.2
1556550000,1556553599,236.34,236.88,234.79,235.96,1559.99
1556553600,1556557199,235.86,240.89,235.86,239.03,2100.95
1556557200,1556560799,239.19,239.72,237.87,238.69,1401.23
1556560800,1556564399,238.39,239.01,236.76,237.99,1124.26
1556564400,1556567999,237.99,238.67,236.67,238.67,897.38
1556568000,1556571599,238.54,238.54,234.66,236.07,1090.07
1556571600,1556575199,235.63,236.87,234.2,234.2,1202.02
1556575200,1556578799,234.17,234.95,227.4,229.68,8249.66
1556578800,1556582399,229.52,234.32,228.5,234.32,6600.07
1556582400,1556585999,234.32,239.53,234.15,236.42,5306.25
1556586000,1556589599,236.13,239.36,235.55,238.78,928.83
1556589600,1556593199,238.98,240.47,236.56,238.12,1896.29
1556593200,1556596799,238.14,238.23,233.7,235.17,1485.99
1556596800,1556600399,235.18,235.7,231.35,233.02,1871.47
1556600400,1556603999,232.95,234.61,232.0,232.3,1190.2
1556604000,1556607599,232.41,235.99,232.41,234.54,706.34
1556607600,1556611199,235.09,237.88,235.06,236.29,910.49
1556611200,1556614799,236.32,237.36,235.64,235.86,394.76
1556614800,1556618399,235.94,236.06,234.57,235.5,506.02
1556618400,1556621999,235.9,248.52,235.9,244.1,5618.06
1556622000,1556625599,244.29,249.92,244.29,249.48,3874.83
1556625600,1556629199,249.43,249.89,245.74,247.93,3443.36
1556629200,1556632799,247.73,251.68,246.0,249.54,3393.93
1556632800,1556636399,249.56,257.0,249.0,253.69,6483.43
1556636400,1556639999,253.4,253.8,251.32,253.05,2540.79
1556640000,1556643599,253.04,253.17,249.04,251.8,2941.16
1556643600,1556647199,251.99,254.0,251.02,251.71,2190.4
1556647200,1556650799,251.4,253.38,251.14,253.06,1037.97
1556650800,1556654399,253.09,253.37,251.23,251.44,1935.31
1556654400,1556657999,251.19,252.0,249.61,251.42,1293.91
1556658000,1556661599,251.39,255.08,251.39,254.57,1172.14
1556661600,1556665199,254.68,263.99,254.0,263.91,3943.56
1556665200,1556668799,263.8,266.51,259.5,265.25,5052.25
1556668800,1556672399,265.15,277.32,264.29,273.51,10212.57
1556672400,1556675999,273.51,275.37,267.72,268.95,5557.0
1556676000,1556679599,268.95,272.67,268.95,269.72,5083.02
1556679600,1556683199,269.72,269.72,266.25,267.42,4220.53
1556683200,1556686799,267.44,267.56,264.3,266.69,4487.78
1556686800,1556690399,266.88,268.64,266.09,266.99,1209.03
1556690400,1556693999,266.99,272.64,265.42,272.64,2906.72
1556694000,1556697599,272.77,272.89,268.24,268.61,972.25
1556697600,1556701199,268.71,268.71,264.18,265.69,1259.03
1556701200,1556704799,266.0,267.5,264.72,267.5,1081.48
1556704800,1556708399,267.92,268.87,265.13,266.91,1063.16
1556708400,1556711999,266.79,268.0,266.07,266.94,1587.04
1556712000,1556715599,266.79,267.0,261.5,265.0,4187.4
1556715600,1556719199,265.05,265.52,263.2,265.22,1991.06
1556719200,1556722799,264.86,267.0,263.3,263.9,1431.74
1556722800,1556726399,263.9,266.54,263.6,265.23,1253.89
1556726400,1556729999,265.41,269.8,265.41,266.01,2895.35
1556730000,1556733599,266.12,271.37,265.55,270.69,3315.88
1556733600,1556737199,270.69,270.69,265.29,266.7,3084.93
1556737200,1556740799,266.49,267.0,263.61,265.68,1443.47
1556740800,1556744399,265.61,267.57,264.47,266.43,462.91
1556744400,1556747999,266.88,267.06,264.51,264.83,1025.29
1556748000,1556751599,264.81,265.65,264.0,265.0,1175.18
1556751600,1556755199,265.0,269.39,265.0,267.89,2607.37
1556755200,1556758799,267.64,270.35,265.5,266.15,1604.26
1556758800,1556762399,265.61,267.14,264.65,264.95,1226.38
1556762400,1556765999,264.96,266.47,264.57,265.64,438.07
1556766000,1556769599,265.52,267.97,265.01,266.88,462.95
1556769600,1556773199,266.52,266.58,265.08,265.46,468.49
1556773200,1556776799,265.93,266.88,265.19,266.6,353.41
1556776800,1556780399,266.59,267.26,265.88,266.93,272.17
1556780400,1556783999,267.26,274.42,267.26,270.71,2498.68
1556784000,1556787599,271.6,276.89,271.41,275.14,1593.6
1556787600,1556791199,275.14,275.22,271.39,272.49,922.13
1556791200,1556794799,272.85,273.54,272.24,273.05,895.49
1556794800,1556798399,273.06,273.99,272.36,273.97,481.97
1556798400,1556801999,273.92,274.49,272.59,273.6,1130.6
1556802000,1556805599,273.85,275.15,266.9,270.67,2878.76
1556805600,1556809199,270.99,271.08,267.66,269.31,1940.78
1556809200,1556812799,269.3,272.0,267.98,268.78,2354.48
1556812800,1556816399,269.02,271.84,261.49,264.42,7918.52
1556816400,1556819999,264.41,265.5,262.58,264.29,2600.6
1556820000,1556823599,263.82,264.48,262.33,262.33,1200.44
1556823600,1556827199,262.31,265.75,261.8,264.19,1189.61
1556827200,1556830799,264.09,265.4,262.8,264.7,1328.15
1556830800,1556834399,264.83,267.72,264.83,265.77,2297.33
1556834400,1556837999,266.03,267.0,265.46,266.2,756.58
1556838000,1556841599,266.19,266.3,263.66,264.4,1218.75
1556841600,1556845199,264.2,265.07,262.36,265.07,1333.23
1556845200,1556848799,265.22,269.9,264.5,267.69,3070.91
1556848800,1556852399,267.69,270.15,267.68,269.0,3260.45
1556852400,1556855999,268.9,268.9,265.94,266.52,1520.43
1556856000,1556859599,266.51,269.67,266.2,268.43,1095.52
1556859600,1556863199,268.14,268.92,266.82,268.01,734.17
1556863200,1556866799,268.0,271.63,267.14,268.94,1851.42
1556866800,1556870399,268.87,271.79,268.49,270.16,1790.01
1556870400,1556873999,270.24,270.7,266.21,268.35,2570.11
1556874000,1556877599,268.12,296.62,267.13,292.0,10288.99
1556877600,1556881199,292.03,292.36,285.6,287.0,6666.15
1556881200,1556884799,287.0,289.5,286.56,287.03,3082.66
1556884800,1556888399,287.04,291.74,286.75,290.31,5677.55
1556888400,1556891999,290.21,293.36,289.5,291.1,2387.39
1556892000,1556895599,291.11,292.65,286.51,287.14,3991.68
1556895600,1556899199,287.35,288.45,284.47,286.96,4429.61
1556899200,1556902799,286.99,290.1,286.76,288.03,2309.24
1556902800,1556906399,287.55,288.52,284.21,285.38,2837.17
1556906400,1556909999,285.46,286.92,283.9,286.3,3592.43
1556910000,1556913599,286.22,287.93,285.77,287.08,1395.48
1556913600,1556917199,287.08,288.4,286.2,287.29,2104.37
1556917200,1556920799,287.58,288.43,286.63,288.24,1252.58
1556920800,1556924399,288.24,289.0,285.84,288.85,1948.47
1556924400,1556927999,288.86,288.86,286.68,287.43,871.21
1556928000,1556931599,287.69,304.87,287.53,301.03,12986.82
1556931600,1556935199,300.8,310,298.8,306.7,7555.68
1556935200,1556938799,306.58,309,300.98,303.99,7449.57
1556938800,1556942399,303.98,304.7,294,296.17,5849.29
1556942400,1556945999,295.86,296.46,285.48,287.88,8080.52
1556946000,1556949599,288.11,288.41,280.38,284.81,6541.75
1556949600,1556953199,284.82,288.42,278.44,288.42,3693.73
1556953200,1556956799,288.42,289.9,286.68,287.92,1369.7
1556956800,1556960399,287.32,287.98,285,286.27,578.97
1556960400,1556963999,286.21,288.34,282.2,282.78,976.26
1556964000,1556967599,282.6,286.43,281.01,284.24,1542.89
1556967600,1556971199,283.92,287,283.5,283.9,1039.06
1556971200,1556974799,284.05,285.41,280.52,282.25,2976.63
1556974800,1556978399,282.22,283.21,267.75,272.75,10832.8
1556978400,1556981999,272.83,276.23,269.32,272.55,3570.33
1556982000,1556985599,272.65,274.9,272,272.95,1833.99
1556985600,1556989199,272.68,278.3,272.01,277.48,3738.11
1556989200,1556992799,277.11,280.82,276.13,278.85,1068.78
1556992800,1556996399,278.71,278.9,276.16,277.55,724.07
1556996400,1556999999,277.86,279.78,277.24,279.45,960.57
1557000000,1557003599,279.7,284.48,279.7,284.43,2773.52
1557003600,1557007199,284.25,294.55,284.25,288.32,5664.09
1557007200,1557010799,288.31,293.14,287.24,290.85,2390.09
1557010800,1557014399,290.98,292,285.2,287.18,3626.94
1557014400,1557017999,287.19,290.62,283.7,287.32,5345.49
1557018000,1557021599,287.32,291.75,286.05,287.69,2889.23
1557021600,1557025199,287.5,290.94,286.94,289,2101.7
1557025200,1557028799,288.71,290.6,287.71,289.78,1187.38
1557028800,1557032399,289.93,289.99,285.8,287.8,1475.32
1557032400,1557035999,287.8,298.88,286.83,295.77,3254.3
1557036000,1557039599,295.32,297.05,290.9,292.33,3028.62
1557039600,1557043199,292.34,292.42,285.38,287.07,1750.04
1557043200,1557046799,286.76,290.28,283,289.92,1928.84
1557046800,1557050399,289.92,291.79,287.8,287.93,524.85
1557050400,1557053999,288.35,290.33,285.52,290.32,1464.39
1557054000,1557057599,290.09,290.11,286.05,287.42,737.35
1557057600,1557061199,286.95,292,286.95,290.32,960.32
1557061200,1557064799,290.78,293.37,288.76,290.22,2347.06
1557064800,1557068399,290.36,290.44,286.32,289.17,2021.79
1557068400,1557071999,288.83,292.17,286.93,291.16,2055.79
1557072000,1557075599,290.96,297.39,288,291.65,4047.72
1557075600,1557079199,291.59,292.27,287.91,289.17,2160.16
1557079200,1557082799,289.24,291.99,285.56,291.11,2920.64
1557082800,1557086399,291.3,292.92,289.11,290.72,1072.85
1557086400,1557089999,290.85,296.37,290.48,294,3649.72
1557090000,1557093599,294,296.48,291.3,292.59,1876.91
1557093600,1557097199,292.59,293.2,289.62,290.55,1617.56
1557097200,1557100799,290.17,292.3,290.16,290.22,903.93
1557100800,1557104399,290.2,292.24,281.06,283.82,7181.56
1557104400,1557107999,284.12,285.92,279,282.71,5911.54
1557108000,1557111599,282.71,284.99,282.26,283.76,1814.76
1557111600,1557115199,283.58,284.34,281.2,282.06,906.82
1557115200,1557118799,281.59,284.45,279.04,284.06,1640.66
1557118800,1557122399,283.93,284.73,282.16,282.16,729.84
1557122400,1557125999,282.65,282.87,278.69,280.94,1275.43
1557126000,1557129599,281.16,281.61,273,274.39,3156.77
1557129600,1557133199,274.62,279,273.74,277.97,916.97
1557133200,1557136799,277.68,283.2,276.99,281.69,776.19
1557136800,1557140399,281.61,284.46,280.47,281.68,465.53
1557140400,1557143999,281.74,284.29,281.74,283.88,929.22
1557144000,1557147599,284.12,284.36,280.59,280.69,682.41
1557147600,1557151199,281.15,282.82,280.88,281.49,326.36
1557151200,1557154799,281.42,289.02,281.42,285.92,3425.75
1557154800,1557158399,285.52,289.07,285.25,287.97,1643.9
1557158400,1557161999,287.89,293.44,287.4,290.44,5422.39
1557162000,1557165599,290.41,292.23,288.16,289.51,1951.12
1557165600,1557169199,289.97,292.25,289.31,290.63,2059.49
1557169200,1557172799,290.62,292.17,288.52,290,2683.77
1557172800,1557176399,290,290.45,286.13,287,1642.02
1557176400,1557179999,286.79,289.75,285.38,288.82,922.18
1557180000,1557183599,289,289.8,287.22,288.04,550.31
1557183600,1557187199,288.03,288.03,284.69,285.05,1513.62
1557187200,1557190799,285.63,295.44,285.63,293.25,4416.71
1557190800,1557194399,293.25,294.9,288.37,288.37,3126.63
1557194400,1557197999,288.67,296,288.64,295.75,7498.33
1557198000,1557201599,295.74,298.16,290.35,293.64,6361.07
1557201600,1557205199,293.53,293.91,291.42,292.57,1366.54
1557205200,1557208799,292.59,294.35,291.57,292.1,881.15
1557208800,1557212399,292,292.72,291.12,291.89,1338.12
1557212400,1557215999,291.46,292.27,289.5,291.38,1000.73
1557216000,1557219599,291.33,292.36,290.4,291.01,321.29
1557219600,1557223199,291.23,293.59,290.07,292.43,629.95
1557223200,1557226799,292.48,293.18,291.27,291.62,810.4
1557226800,1557230399,291.63,292.1,289.56,290.64,1759.05
1557230400,1557233999,290.78,294.56,290.76,293.41,930.09
1557234000,1557237599,293.71,295,291.55,294.99,2444.1
1557237600,1557241199,295,296.34,279.41,283.86,15947.16
1557241200,1557244799,283.94,286.69,283.16,286.37,1864.71
1557244800,1557248399,286.74,287.7,283.6,287.01,2271.62
1557248400,1557251999,286.92,287.35,284.05,285.33,1545.31
1557252000,1557255599,285.13,285.42,282.72,284.07,1129.3
1557255600,1557259199,284.01,285.19,281.78,283.51,3214.85
1557259200,1557262799,283.5,286.72,283.49,283.58,1300.67
1557262800,1557266399,283.35,286.68,283.24,285.97,639.69
1557266400,1557269999,286.03,290.23,285.39,289.66,1441.91
1557270000,1557273599,289.28,293.88,280,280.87,9771.02
1557273600,1557277199,280.42,281.34,270,277.9,13137.84
1557277200,1557280799,277.97,282.86,277.02,280.56,2590.33
1557280800,1557284399,280.56,281.95,279.34,279.41,598.6
1557284400,1557287999,279.49,280.49,278.2,278.35,1298.17
1557288000,1557291599,278.52,283.28,278.45,282.55,854.82
1557291600,1557295199,282.55,282.81,280.27,281.53,659.11
1557295200,1557298799,281.46,284.85,281.23,283.34,705.66
1557298800,1557302399,283.2,283.99,281.14,281.2,257.02
1557302400,1557305999,281.2,284.99,280.93,281.37,593.1
1557306000,1557309599,281.39,282.45,280.68,281,253.84
1557309600,1557313199,281.44,283.03,280.96,282.59,372.33
1557313200,1557316799,282.48,285.3,281.75,282.51,541.96
1557316800,1557320399,282.54,284.44,281.51,282.09,707.83
1557320400,1557323999,281.9,282.69,281.58,282.22,276.65
1557324000,1557327599,282.22,283.21,278.17,281.6,1687.79
1557327600,1557331199,281.6,285.66,280.88,283.32,1568.62
1557331200,1557334799,283.33,284.7,280.02,280.49,852.76
1557334800,1557338399,281.03,283.44,280.71,281.29,710.33
1557338400,1557341999,281.4,282.73,280.33,281.96,497.01
1557342000,1557345599,281.54,282.98,281.23,282.46,562.13
1557345600,1557349199,281.83,282.88,281.07,282.66,394.91
1557349200,1557352799,282.89,284.19,281.07,283.41,941.87
1557352800,1557356399,283.4,286.04,282.2,283.66,1479.54
1557356400,1557359999,283.78,286.84,280.01,284.22,2472.67
1557360000,1557363599,284.38,289,283.61,286.05,3233.89
1557363600,1557367199,286.92,291.01,286.38,290.04,6524.54
1557367200,1557370799,290.02,290.9,288.86,289.05,1776.52
1557370800,1557374399,289.23,289.78,287.8,288.86,1220.84
1557374400,1557377999,288.87,290,288.7,290,689.17
1557378000,1557381599,290,290.59,284.6,285.32,1818.14
1557381600,1557385199,285.03,286.56,282,285.35,1986.25
1557385200,1557388799,285.46,286.12,283.3,284.74,815.16
1557388800,1557392399,284.92,286.31,284.69,285.43,404.31
1557392400,1557395999,285.15,285.85,283.73,285.26,694.34
1557396000,1557399599,285.11,285.9,284.1,284.1,381.31
1557399600,1557403199,284.31,284.31,281.68,282.59,1027.73
1557403200,1557406799,282.32,282.66,279.77,281.18,2792.18
1557406800,1557410399,281.18,283.6,280.1,283.04,1174.18
1557410400,1557413999,282.81,283.53,282.31,282.79,1133.47
1557414000,1557417599,282.8,282.85,279.1,279.98,2964.19
1557417600,1557421199,280.02,281.62,280,280.82,1599.25
1557421200,1557424799,281.05,281.33,276.41,277.82,3471.53
1557424800,1557428399,277.93,278.48,274.61,277.11,2183.63
1557428400,1557431999,277.17,277.55,275.77,276.83,1488.59
1557432000,1557435599,276.82,283,276.14,282.23,2591
1557435600,1557439199,282.39,287,281.45,283.91,2439.15
1557439200,1557442799,284.31,285.46,280.55,285.19,1112.87
1557442800,1557446399,285.22,286.14,281.63,282.8,2011.81
1557446400,1557449999,283.06,283.19,277.07,277.27,1997.85
1557450000,1557453599,277.16,280.75,276.21,280.4,2358.53
1557453600,1557457199,280.21,283.14,278.74,279.54,2391.34
1557457200,1557460799,279.46,282.74,279.28,280.72,3960.56
1557460800,1557464399,280.23,295.74,279.75,294.46,12236.9
1557464400,1557467999,294.59,294.74,288.21,290.73,3944.15
1557468000,1557471599,290.79,291.22,288.9,290.51,757.56
1557471600,1557475199,290.4,292.52,289.01,290.82,1151.01
1557475200,1557478799,290.97,292.82,284.5,284.51,2048.72
1557478800,1557482399,284.84,286.95,283.29,286.71,991.18
1557482400,1557485999,286.71,287.87,285,285.16,1114.73
1557486000,1557489599,285.44,286.07,284.28,285.71,963.59
1557489600,1557493199,285.68,285.68,282.09,284.16,1597.95
1557493200,1557496799,284.22,286.87,283.32,284.65,2314.08
1557496800,1557500399,284.62,284.73,282.11,283.52,1129.86
1557500400,1557503999,283.35,285.79,282.67,285.61,1652.94
1557504000,1557507599,285,287.43,284.39,285.38,3882.28
1557507600,1557511199,285.24,289.98,283.4,289,5743.46
1557511200,1557514799,289,289.96,286.62,287.78,1617.64
1557514800,1557518399,287.98,288.5,286.1,287.19,1613.57
1557518400,1557521999,287.17,291.73,282.22,287.03,5141.16
1557522000,1557525599,286.85,286.96,283.72,285.1,1090.44
1557525600,1557529199,285.1,287.58,284.18,287.31,1013.94
1557529200,1557532799,287.13,287.13,285,285.56,1549.03
1557532800,1557536399,285.69,288,285.65,287.37,812
1557536400,1557539999,287.19,289.78,286.49,289.72,4315.74
1557540000,1557543599,289.8,292.97,287.01,291.4,3187
1557543600,1557547199,291.66,292.61,288.12,289.08,2831.14
1557547200,1557550799,289.22,291.51,287.6,290.1,3657.57
1557550800,1557554399,289.66,304.13,288.89,296.14,11328.8
1557554400,1557557999,296.4,303.99,286.7,294.14,9984.45
1557558000,1557561599,294.12,297.96,294,295.68,1575.01
1557561600,1557565199,295.67,315.4,292.02,309.89,10939.65
1557565200,1557568799,310.26,315,308.32,311.71,4682.44
1557568800,1557572399,311.92,328.91,311.92,325.44,10081.04
1557572400,1557575999,325.58,325.71,315.83,318.43,5116.32
1557576000,1557579599,317.99,321.68,314.98,320.01,4954.62
1557579600,1557583199,320.02,324.05,319.03,321.61,3501.1
1557583200,1557586799,321.94,321.94,316.89,318.35,4595.76
1557586800,1557590399,318.22,325.95,318,325.89,4852.27
1557590400,1557593999,325.89,327.67,321,321.76,7632.32
1557594000,1557597599,321.92,341.09,319.6,338.69,10427.74
1557597600,1557601199,338.62,341.35,333,338.48,9232.75
1557601200,1557604799,338.47,338.47,328.82,331.01,5303.37
1557604800,1557608399,331.19,337.66,331.19,336.1,3678.4
1557608400,1557611999,336.85,348.79,333.8,348.78,4568.37
1557612000,1557615599,348.78,354.46,341,349.01,15915.5
1557615600,1557619199,348.81,387.99,343.93,354.76,41083.51
1557619200,1557622799,353.53,367.44,330,342.09,26189.98
1557622800,1557626399,341.6,358.5,338,351.09,13446.02
1557626400,1557629999,351.09,356.93,343.55,344.97,4516.91
1557630000,1557633599,345.37,354.06,343.69,350.27,5328.37
1557633600,1557637199,350.25,370,350.08,363.79,7867.25
1557637200,1557640799,363.77,377.65,363.77,372.33,8537.8
1557640800,1557644399,372.09,375.74,365.31,371.09,5370.68
1557644400,1557647999,370.65,382.21,370.58,375.93,8276.82
1557648000,1557651599,375.95,379.97,350,367.98,14472.81
1557651600,1557655199,368.28,374.99,360.01,364.62,8096.63
1557655200,1557658799,364.08,367.47,345.16,350,5994.07
1557658800,1557662399,349.87,359.34,340,354.82,14627.34
1557662400,1557665999,354.53,355.84,345,355.65,4544.95
1557666000,1557669599,355.35,365.94,350.47,354.44,5315.33
1557669600,1557673199,354.32,359.34,342.51,345.81,7029.1
1557673200,1557676799,345.84,351.58,332.02,342.58,16532.28
1557676800,1557680399,342.58,349.04,338,338.55,9100.12
1557680400,1557683999,338.65,346.48,338.63,346.2,3689.64
1557684000,1557687599,345.86,354.7,344.55,354.48,5410.03
1557687600,1557691199,354.46,354.48,345.93,350.98,4996.36
1557691200,1557694799,350.68,361,349.17,360.9,4554.43
1557694800,1557698399,360.9,363.68,358.16,363.35,4816.62
1557698400,1557701999,363.34,363.36,346,352.84,12753.69
1557702000,1557705599,352.86,356.9,348.64,355.74,5772.45
1557705600,1557709199,355.72,363.65,349.6,362.06,6203.06
1557709200,1557712799,362.03,364.67,355.42,356.89,4056.22
1557712800,1557716399,356.86,359.93,354.29,357.01,4310.99
1557716400,1557719999,357.1,360.62,356,356.26,3771.13
1557720000,1557723599,356.41,362.25,354.41,362.25,1549.23
1557723600,1557727199,362.24,363.97,357.78,358.54,2672.59
1557727200,1557730799,358.54,360.2,357.34,358.45,917.71
1557730800,1557734399,358.47,358.51,350,351.28,2775.64
1557734400,1557737999,351.37,353.98,348.26,351.82,1575.87
1557738000,1557741599,352.17,357.86,352.17,355,1198.06
1557741600,1557745199,355.39,357.83,353.59,357.4,1210.59
1557745200,1557748799,357.33,365.79,354,362.92,5465.52
1557748800,1557752399,362.56,371.54,361.12,367.01,5929.97
1557752400,1557755999,367.27,370.61,365,366.34,4818.12
1557756000,1557759599,366.35,374.71,361.68,368.55,7534.75
1557759600,1557763199,368.95,397.23,367.44,392.29,28762.67
1557763200,1557766799,392.28,407,388,395.42,22593.22
1557766800,1557770399,395.47,399.49,383.31,385.49,13278.14
1557770400,1557773999,385.72,396,383.02,392.27,6559.13
1557774000,1557777599,392.08,398.8,391.91,395.09,4694.14
1557777600,1557781199,394.57,395.8,388.09,389.78,5715.24
1557781200,1557784799,389.71,405.99,386.75,402,13497.73
1557784800,1557788399,401.37,405,385.02,386.76,13655.71
1557788400,1557791999,387.18,391.73,371.06,384.02,20455.08
1557792000,1557795599,385.21,394.98,381.52,388.25,6040.87
1557795600,1557799199,388.51,397,388.01,390.6,4715.67
1557799200,1557802799,390.72,398,385,393.76,8246.28
1557802800,1557806399,393.54,397,389.3,390.81,6424.38
1557806400,1557809999,390.84,398.06,389.84,395.08,4241.69
1557810000,1557813599,395.46,410.92,391.45,396.35,13043.86
1557813600,1557817199,396.8,404.52,395.11,401.14,2658.02
1557817200,1557820799,401.39,409,397.22,408.95,6945
1557820800,1557824399,408.7,409.26,385.6,389.5,9671.5
1557824400,1557827999,389.5,397.63,389.34,392.9,3730.09
1557828000,1557831599,392.79,395,386.69,393.27,3737.92
1557831600,1557835199,393,395,390,391.69,1749.01
1557835200,1557838799,391.72,399.23,391.72,396.55,3142.24
1557838800,1557842399,396.5,396.5,390.57,393.68,3181.59
1557842400,1557845999,393.01,399.48,385,388.4,6569.57
1557846000,1557849599,389.45,392,376.79,378.29,6156.86
1557849600,1557853199,379,394.7,363,383.6,18770.69
1557853200,1557856799,383.59,385,377.62,382.99,5251.46
1557856800,1557860399,382.41,383.78,371.1,371.14,6013.85
1557860400,1557863999,371.39,376.34,364.32,373.62,9328.59
1557864000,1557867599,374.06,377.85,366.73,372.29,4079.92
1557867600,1557871199,372.43,376.99,368,374.05,3128.33
1557871200,1557874799,374.28,385.99,374.22,381.86,5923.4
1557874800,1557878399,381.65,392.97,380.2,389.23,5862.71
1557878400,1557881999,388.91,395.83,383.85,388.97,7771.92
1557882000,1557885599,388.96,392,385,387.54,7141.53
1557885600,1557889199,387.35,391.1,380.5,390.31,6105.13
1557889200,1557892799,390.62,392.47,387.4,391.94,6459.14
1557892800,1557896399,391.74,392,386,386.6,2660.28
1557896400,1557899999,386.6,392,386.06,387.89,1959.88
1557900000,1557903599,388.07,391,386.1,386.75,1776.91
1557903600,1557907199,387.24,388.41,374.86,379.2,3141.51
1557907200,1557910799,379.27,382.99,375.52,378.18,1290.53
1557910800,1557914399,378.12,392.2,377.84,390.61,2768.18
1557914400,1557917999,390.45,394.8,384.77,386.23,2008.93
1557918000,1557921599,386.05,388.38,381.08,383.24,3262.16
1557921600,1557925199,383.23,388.14,375.65,385.12,4610.85
1557925200,1557928799,385.77,387.99,379.5,380.75,3727.47
1557928800,1557932399,381.04,382.22,371.15,375.23,9615.39
1557932400,1557935999,375.36,388,374.87,385,4100.01
1557936000,1557939599,385.16,400,380.59,398.75,15774.46
1557939600,1557943199,398.64,405.49,394,400.04,9505.86
1557943200,1557946799,400.03,402.37,395.6,399.85,7197.46
1557946800,1557950399,399.92,401.88,393.16,398.53,3243.65
1557950400,1557953999,398.53,400.2,393.46,393.87,2617.09
1557954000,1557957599,393.86,401,391.54,396.7,3247.82
1557957600,1557961199,396.71,407,395.81,407,4737.74
1557961200,1557964799,407,413,401.72,404.14,12793.12
1557964800,1557968399,404,420.12,400,419.44,13159.92
1557968400,1557971999,419.99,452.91,413.78,442.26,35292.5
1557972000,1557975599,442.62,447.36,433.6,443.85,11911.19
1557975600,1557979199,443.94,443.96,429.12,435.58,12049.98
1557979200,1557982799,435.13,435.41,405.2,412.49,19084.96
1557982800,1557986399,413.21,420,410.5,413.25,5280.72
1557986400,1557989999,413.07,426.93,410.01,425.66,3968.29
1557990000,1557993599,425.77,426.79,413.79,416.77,2185.98
1557993600,1557997199,416.57,421.27,413.79,414,1872.4
1557997200,1558000799,414,420.48,402.9,406.57,3712.89
1558000800,1558004399,406.23,409.22,380,394.32,14404.7
1558004400,1558007999,395.06,405,392.82,396.45,5923.25
1558008000,1558011599,397.07,402.94,383.42,388.13,6028.74
1558011600,1558015199,388.2,396.38,388.2,395.31,4254.17
1558015200,1558018799,396,414.27,395.92,414.18,8539.18
1558018800,1558022399,414.51,422.36,406.72,419.55,6651.25
1558022400,1558025999,420.3,429.2,405.65,405.7,11740.43
1558026000,1558029599,406,409.3,396.5,402.66,6792.33
1558029600,1558033199,402.74,409.98,398,402.16,3802.41
1558033200,1558036799,401.93,402.9,391.4,398.98,8998.09
1558036800,1558040399,398.99,405.23,385.6,385.65,8263.91
1558040400,1558043999,385.82,406.6,385,401.27,5166.16
1558044000,1558047599,401.91,409.37,394.88,396.43,6769.802787
1558047600,1558051199,395.24,401.18,391.64,398.89,5265.54643479
1558051200,1558054799,398.71,412.0,397.23,406.82,8884.58027135
1558054800,1558058399,406.31,406.39,388.5,393.75,8783.67992322
1558058400,1558061999,393.76,396.31,365.54,368.98,10245.53410901
1558062000,1558065599,368.98,375.0,340.65,370.1,32455.48856822
1558065600,1558069199,370.06,379.0,361.5,364.55,8951.32124226
1558069200,1558072799,364.98,371.73,355.0,357.0,3707.08871039
1558072800,1558076399,357.5,363.9,354.01,360.57,3794.0121592
1558076400,1558079999,360.3,370.09,360.3,367.18,2562.83646457
1558080000,1558083599,367.49,369.98,362.57,368.16,1581.64278427
1558083600,1558087199,367.86,369.13,364.73,366.99,1435.97056919
1558087200,1558090799,367.03,367.03,355.95,360.35,3706.97623077
1558090800,1558094399,360.36,360.85,342.66,350.71,7124.98894929
1558094400,1558097999,350.29,354.79,337.72,352.78,9398.32516674
1558098000,1558101599,353.31,360.79,349.77,359.36,5455.05284078
1558101600,1558105199,359.27,363.49,350.23,351.24,4014.29541181
1558105200,1558108799,351.19,353.2,344.34,346.6,5653.63597141
1558108800,1558112399,346.72,357.0,336.73,348.48,9196.92976273
1558112400,1558115999,348.38,352.35,344.51,348.71,4125.42834087
1558116000,1558119599,349.17,354.6,346.1,351.44,4262.40220139
1558119600,1558123199,351.91,355.0,350.14,354.26,3198.77512119
1558123200,1558126799,354.2,361.0,352.03,357.66,5454.3384636
1558126800,1558130399,357.56,368.0,355.4,367.63,7967.70506253
1558130400,1558133999,367.27,369.49,359.14,359.69,4865.35866329
1558134000,1558137599,359.92,368.41,359.1,367.85,3863.96008837
1558137600,1558141199,367.73,375.0,360.65,364.65,6426.07837319
1558141200,1558144799,364.69,369.19,359.85,360.58,1973.52046308
1558144800,1558148399,360.43,367.68,360.18,365.63,1381.4374306
1558148400,1558151999,365.79,369.6,365.4,367.97,1762.98498159
1558152000,1558155599,368.54,370.8,364.29,368.52,2549.2101087
1558155600,1558159199,368.15,372.0,367.29,370.25,1863.93517372
1558159200,1558162799,370.34,371.24,365.39,366.46,1599.69481092
1558162800,1558166399,366.51,367.07,357.0,358.0,2159.1915905
1558166400,1558169999,358.0,363.0,357.47,359.62,722.54124052
1558170000,1558173599,359.85,359.85,350.52,356.02,2141.89299735
1558173600,1558177199,356.34,359.32,354.11,357.22,868.50919774
1558177200,1558180799,357.52,364.5,357.27,359.5,1250.92085932
1558180800,1558184399,359.5,360.34,356.49,357.46,930.70117128
1558184400,1558187999,356.94,360.71,354.0,360.36,1476.72234936
1558188000,1558191599,360.98,363.41,359.52,362.06,2046.31873338
1558191600,1558195199,362.36,365.0,360.07,361.56,1669.75765965
1558195200,1558198799,361.61,368.0,360.73,366.96,2519.83829112
1558198800,1558202399,367.06,367.06,360.0,363.55,1934.71245639
1558202400,1558205999,363.56,363.97,360.03,361.31,1393.60836106
1558206000,1558209599,361.28,365.28,361.2,363.76,1173.07414041
1558209600,1558213199,363.35,365.54,362.02,364.66,1213.1629921
1558213200,1558216799,364.84,367.0,362.5,364.95,1255.96606978
1558216800,1558220399,365.18,365.4,360.55,361.76,1348.9900888
1558220400,1558223999,361.71,361.72,355.69,357.98,2852.66665539
1558224000,1558227599,357.57,361.93,356.36,359.73,1346.70957155
1558227600,1558231199,360.02,376.37,359.78,376.37,6406.40745689
1558231200,1558234799,376.37,385.61,376.37,377.31,8879.76015676
1558234800,1558238399,376.81,397.0,376.49,392.96,7527.20014654
1558238400,1558241999,393.04,398.9,387.29,397.08,5686.34440944
1558242000,1558245599,397.27,400.0,391.93,395.08,5074.65709937
1558245600,1558249199,395.32,398.17,393.0,395.27,1675.53685351
1558249200,1558252799,395.26,405.0,393.2,401.0,2865.57920832
1558252800,1558256399,401.24,402.8,396.89,402.39,2323.97354413
1558256400,1558259999,402.26,419.51,400.27,419.51,4861.06800728
1558260000,1558263599,419.51,422.64,413.0,416.6,5265.00605239
1558263600,1558267199,416.08,418.11,405.13,409.51,3936.50206548
1558267200,1558270799,409.84,412.55,396.53,412.06,6624.53516073
1558270800,1558274399,411.5,413.5,404.36,406.38,4500.43937803
1558274400,1558277999,407.08,412.82,405.11,412.53,2298.30407927
1558278000,1558281599,412.83,415.6,407.32,412.31,3122.46758121
1558281600,1558285199,413.06,424.99,409.05,415.17,9041.48548526
1558285200,1558288799,415.49,426.0,415.34,422.19,9992.31406268
1558288800,1558292399,422.09,422.09,415.57,419.28,2829.11586737
1558292400,1558295999,419.26,423.26,416.43,418.27,3685.33940474
1558296000,1558299599,417.9,424.52,414.44,423.2,3412.66066118
1558299600,1558303199,422.87,428.25,422.73,425.76,3642.40438166
1558303200,1558306799,425.51,432.94,420.0,428.67,6042.40426278
1558306800,1558310399,428.48,434.12,412.0,418.4,11302.31877984
1558310400,1558313999,417.58,418.12,394.55,404.41,20413.98370128
1558314000,1558317599,404.56,411.0,399.93,410.07,4338.90633187
1558317600,1558321199,410.09,410.15,400.0,403.45,2732.52684521
1558321200,1558324799,403.62,418.49,403.1,416.45,4334.73729914
1558324800,1558328399,416.67,423.14,413.17,415.58,5689.99055327
1558328400,1558331999,414.95,414.98,405.85,411.92,2904.8826757
1558332000,1558335599,411.95,412.2,400.76,403.43,2967.31948283
1558335600,1558339199,403.42,410.73,401.11,405.46,3077.48152986
1558339200,1558342799,406.23,408.18,396.43,404.73,3791.93799657
1558342800,1558346399,404.44,409.09,401.49,407.22,2123.26017824
1558346400,1558349999,407.58,411.86,404.79,408.52,1579.97766606
1558350000,1558353599,408.44,411.5,401.77,404.11,2201.12079396
1558353600,1558357199,404.58,408.67,391.05,394.98,4710.10801278
1558357200,1558360799,394.89,397.87,381.0,396.12,8469.89034405
1558360800,1558364399,396.2,403.0,391.9,402.95,2593.66885711
1558364400,1558367999,402.73,408.0,397.61,406.21,2652.97461559
1558368000,1558371599,406.01,409.66,401.22,403.76,2569.24247292
1558371600,1558375199,404.03,407.55,398.25,398.55,1894.93183218
1558375200,1558378799,398.82,404.0,395.0,398.39,2713.42069405
1558378800,1558382399,398.56,405.47,398.23,403.72,2058.27220787
1558382400,1558385999,404.07,416.9,404.06,416.47,5323.6137157
1558386000,1558389599,416.41,419.0,410.09,413.07,3819.6150689
1558389600,1558393199,412.84,418.29,408.0,409.67,3943.06654859
1558393200,1558396799,409.8,417.61,409.5,414.76,1789.88762744
1558396800,1558400399,414.96,422.0,410.66,413.35,4954.71817383
1558400400,1558403999,413.42,420.0,413.26,415.75,2741.52157122
1558404000,1558407599,415.43,416.0,407.93,412.44,3703.76047317
1558407600,1558411199,412.69,415.0,410.53,411.98,1324.89966046
1558411200,1558414799,411.7,412.15,402.51,404.73,3871.07998306
1558414800,1558418399,404.95,409.0,400.48,407.15,1209.67337744
1558418400,1558421999,408.44,411.0,405.82,410.08,640.17587325
1558422000,1558425599,410.47,413.6,408.99,409.73,925.06566658
1558425600,1558429199,409.79,414.99,408.42,411.33,617.47037274
1558429200,1558432799,411.28,419.0,410.94,414.68,2045.33102161
1558432800,1558436399,414.8,415.18,407.48,410.7,1124.81921964
1558436400,1558439999,410.5,412.9,404.5,409.16,1718.18321764
1558440000,1558443599,409.16,418.24,405.96,415.59,2464.49018236
1558443600,1558447199,415.72,447.05,414.0,420.57,20679.53389423
1558447200,1558450799,420.78,420.91,410.27,417.53,5752.56519421
1558450800,1558454399,417.08,419.95,413.38,416.33,2577.96494769
1558454400,1558457999,416.23,418.93,412.63,417.26,1929.16989137
1558458000,1558461599,417.25,422.86,416.04,422.3,4467.42255098
1558461600,1558465199,422.0,428.89,419.39,424.01,4851.28620065
1558465200,1558468799,423.49,425.43,420.92,424.12,1822.04820702
1558468800,1558472399,424.11,428.43,423.99,427.6,3515.85578937
1558472400,1558475999,427.6,428.0,418.55,419.31,3503.44049908
1558476000,1558479599,418.95,421.87,415.72,420.61,3343.90660559
1558479600,1558483199,420.4,420.9,416.71,417.17,1419.57810455
1558483200,1558486799,417.0,422.29,416.5,422.22,1798.71132769
1558486800,1558490399,422.22,425.0,417.49,417.89,1969.63248603
1558490400,1558493999,417.68,420.21,416.45,418.53,1576.23799298
1558494000,1558497599,417.99,418.93,413.1,414.01,2391.60495374
1558497600,1558501199,414.11,416.73,408.18,416.0,2753.37309938
1558501200,1558504799,416.03,417.33,414.76,416.64,624.59541363
1558504800,1558508399,416.69,417.29,415.0,415.65,741.77919381
1558508400,1558511999,415.47,416.38,410.1,411.62,1224.01553327
1558512000,1558515599,411.61,415.68,410.19,411.85,1166.29492379
1558515600,1558519199,411.6,412.94,406.2,407.15,1304.73953915
1558519200,1558522799,407.11,412.21,403.24,408.69,2235.2768912
1558522800,1558526399,408.51,408.51,398.55,403.14,4385.77032985
1558526400,1558529999,403.18,408.7,401.35,401.99,2805.16064428
1558530000,1558533599,401.37,408.15,400.02,406.3,1897.51806889
1558533600,1558537199,406.09,409.68,404.44,407.57,1634.77156847
1558537200,1558540799,407.85,419.99,404.61,415.56,4608.60163947
1558540800,1558544399,415.36,415.79,407.9,409.0,2148.89659778
1558544400,1558547999,409.0,411.37,404.0,406.66,2464.00685932
1558548000,1558551599,406.55,409.33,402.52,408.28,2674.42415478
1558551600,1558555199,408.17,408.6,404.65,407.91,998.89326803
1558555200,1558558799,408.03,410.99,392.15,404.25,9453.52401565
1558558800,1558562399,404.66,405.56,381.12,388.09,7919.22070934
1558562400,1558565999,388.09,398.82,381.61,396.65,8241.83092978
1558566000,1558569599,396.6,398.41,386.1,387.61,3017.51395075
1558569600,1558573199,387.27,392.9,384.12,391.61,3011.37155453
1558573200,1558576799,391.42,396.47,386.2,388.7,2340.70026692
1558576800,1558580399,389.11,394.39,387.76,391.89,1813.10986742
1558580400,1558583999,392.0,392.1,387.0,390.16,2048.08272546
1558584000,1558587599,390.17,394.27,386.33,389.69,1393.04550721
1558587600,1558591199,389.58,390.2,382.3,383.79,2258.25088883
1558591200,1558594799,383.65,384.59,375.66,384.19,4122.29027202
1558594800,1558598399,384.09,385.35,377.86,379.29,1680.4915214
1558598400,1558601999,379.05,379.21,372.0,374.15,2909.0229639
1558602000,1558605599,374.15,381.13,368.03,380.41,3903.39545717
1558605600,1558609199,380.3,389.0,378.74,386.32,2842.59569113
1558609200,1558612799,386.84,388.91,382.86,383.38,1834.31830945
1558612800,1558616399,383.25,386.99,380.0,386.57,1590.91030084
1558616400,1558619999,386.44,391.94,385.49,389.43,3319.30891131
1558620000,1558623599,389.53,396.6,389.53,395.04,3188.15636412
1558623600,1558627199,395.24,399.42,393.4,395.34,2660.35199735
1558627200,1558630799,394.89,400.97,394.06,395.71,2468.32716708
1558630800,1558634399,395.8,397.78,388.51,392.67,4647.08019727
1558634400,1558637999,392.37,395.0,388.7,392.02,1521.02915634
1558638000,1558641599,392.69,394.57,390.72,393.31,872.30302612
1558641600,1558645199,393.2,403.0,393.01,401.78,4382.24865128
1558645200,1558648799,400.76,408.54,399.26,406.66,3279.83915127
1558648800,1558652399,406.6,408.63,400.5,402.62,4325.02483765
1558652400,1558655999,402.54,407.65,400.63,405.93,2671.88772853
1558656000,1558659599,405.97,408.99,400.12,407.44,3138.21498986
1558659600,1558663199,407.56,409.85,404.68,404.68,2511.33265773
1558663200,1558666799,405.0,407.66,401.51,403.54,2057.02744321
1558666800,1558670399,403.53,404.77,401.31,404.28,1105.07602662
1558670400,1558673999,404.24,405.51,401.11,401.5,781.89697043
1558674000,1558677599,401.42,401.55,394.29,398.31,1961.36140677
1558677600,1558681199,398.67,407.33,396.05,407.33,2414.45441718
1558681200,1558684799,407.62,412.85,404.43,408.41,5704.57045532
1558684800,1558688399,408.44,417.8,408.44,410.16,4990.61765684
1558688400,1558691999,410.45,413.87,409.68,410.55,4968.9182047
1558692000,1558695599,410.93,417.81,410.93,414.51,1860.99208493
1558695600,1558699199,414.54,422.88,414.0,416.7,5332.79985837
1558699200,1558702799,416.71,418.0,412.19,417.75,3483.96144217
1558702800,1558706399,417.5,417.98,411.0,414.21,2778.0163343
1558706400,1558709999,414.2,419.49,411.9,418.99,3359.28589602
1558710000,1558713599,418.99,423.64,417.0,418.12,6247.45706573
1558713600,1558717199,417.8,422.98,412.33,414.58,5481.13277453
1558717200,1558720799,414.1,417.82,411.53,413.0,2159.77009129
1558720800,1558724399,413.07,415.0,411.67,412.3,1038.87218665
1558724400,1558727999,411.79,413.18,406.0,412.05,2193.998524
1558728000,1558731599,412.05,417.0,411.21,416.83,1294.46526744
1558731600,1558735199,416.85,417.48,412.01,412.3,945.49053995
1558735200,1558738799,412.3,413,409,409.81,742.74510636
1558738800,1558742399,409.44,410,405,409.0,1781.68318184
1558742400,1558745999,409.0,410.72,406.01,408.53,604.82386324
1558746000,1558749599,408.42,414.0,406.95,411.67,1077.62652767
1558749600,1558753199,411.13,412.7,408.1,412.7,889.81276282
1558753200,1558756799,412.78,414.1,405.4,409.15,3727.01865273
1558756800,1558760399,409.15,412.0,408.51,409.55,572.42671341
1558760400,1558763999,409.36,409.45,406.2,407.74,428.27301262
1558764000,1558767599,407.68,408.6,405,406.06,525.66082094
1558767600,1558771199,405.9,408.6,405,408.58,285.02392959
1558771200,1558774799,408.58,410.58,407.3,410.45,790.06812772
1558774800,1558778399,410.43,413.61,409.6,412.52,601.44402785
1558778400,1558781999,413.03,414.1,410.0,411.06,1652.23089371
1558782000,1558785599,411.62,414.09,410.01,410.14,319.42628254
1558785600,1558789199,410.41,411.39,409.1,411.36,904.82041561
1558789200,1558792799,411.36,411.78,405.5,408.87,1095.34083026
1558792800,1558796399,408.44,409.94,406.5,409.94,607.16758528
1558796400,1558799999,409.98,410.99,407.04,408.07,663.24666114
1558800000,1558803599,408.02,408.99,401.28,405.68,1816.98905817
1558803600,1558807199,405.17,407.19,402.49,406.88,982.54166685
1558807200,1558810799,406.66,408.93,403.0,404.19,810.62730088
1558810800,1558814399,404.1,404.59,400.05,400.66,1147.79265987
1558814400,1558817999,400.66,403.41,400.66,402.88,680.4269597
1558818000,1558821599,402.94,405.81,402.93,405.13,402.20351303
1558821600,1558825199,405.14,407.66,403.81,407.66,644.60401
1558825200,1558828799,407.65,408.9,404.17,406.29,838.75518073
1558828800,1558832399,406.04,407.18,404.88,405.68,459.97645032
1558832400,1558835999,405.56,405.57,401.1,402.85,1097.87777144
1558836000,1558839599,402.85,405.4,401.86,403.3,478.43835197
1558839600,1558843199,402.61,403.43,400.33,400.33,649.51109753
1558843200,1558846799,400.33,402.85,398.75,401.62,771.26951209
1558846800,1558850399,401.5,401.99,395.0,396.66,1449.04440923
1558850400,1558853999,396.69,398.88,395.0,396.99,2580.23084346
1558854000,1558857599,396.57,400.9,395.51,400.0,1086.0826491
1558857600,1558861199,400.0,401.49,397.22,401.16,230.72871508
1558861200,1558864799,401.48,403.21,400.99,401.0,226.01812603
1558864800,1558868399,400.99,400.99,395.0,399.06,505.02030714
1558868400,1558871999,399.01,399.49,391.0,395.32,2886.68444073
1558872000,1558875599,395.29,396.99,393.0,396.38,375.20296332
1558875600,1558879199,396.2,406.0,394.05,405.35,1709.46099992
1558879200,1558882799,405.0,406.0,402.04,404.22,1061.03113232
1558882800,1558886399,404.4,404.99,400.26,404.97,1116.8272444
1558886400,1558889999,404.93,404.99,400.94,403.25,669.76007952
1558890000,1558893599,403.28,404.7,401.75,401.99,410.15245625
1558893600,1558897199,402.26,404.35,401.79,403.81,252.41488382
1558897200,1558900799,403.74,425.0,403.74,421.56,15164.10791945
1558900800,1558904399,422.0,430.0,419,423.82,13381.3850258
1558904400,1558907999,423.79,437.82,420,431.0,10282.43010345
1558908000,1558911599,430.99,437.39,425.25,430.16,6730.37637171
1558911600,1558915199,430.21,436.59,429.7,433.55,3878.62258408
1558915200,1558918799,433.55,440,433.55,435.5,7066.43649907
1558918800,1558922399,436.79,439,427.72,432.76,4594.44601986
1558922400,1558925999,432.25,433.27,425.0,432.29,4465.56848716
1558926000,1558929599,432.54,447.8,432.54,442.68,7176.03099048
1558929600,1558933199,442.78,443.9,434.97,437.16,2171.22644022
1558933200,1558936799,437.07,439.92,435.58,437.74,691.50198433
1558936800,1558940399,437.56,438.94,436.53,437.37,1215.78965132
1558940400,1558943999,437.48,441.0,433.62,434.8,1351.18449846
1558944000,1558947599,434.51,434.92,430.06,432.1,1172.86303083
1558947600,1558951199,432.4,436.81,431.83,434.55,689.80615712
1558951200,1558954799,434.35,434.8,431.9,434.57,481.24122372
1558954800,1558958399,434.61,434.79,430.57,432.51,1430.18843329
1558958400,1558961999,433.0,440,432.83,439.15,1636.43428158
1558962000,1558965599,439.12,441,435.13,436.57,1578.43812627
1558965600,1558969199,436.55,438.14,434.08,436.86,1369.97782111
1558969200,1558972799,436.14,445.0,436.05,440.26,5878.10683312
1558972800,1558976399,440.6,458.06,419.0,428.54,18856.32066488
1558976400,1558979999,428.96,434.0,425.23,427.43,5517.9041702
1558980000,1558983599,427.43,435.92,425.1,434.07,3988.849876
1558983600,1558987199,435.1,438.5,431.43,435.35,3048.68244432
1558987200,1558990799,435.2,436.99,430.64,433.0,2322.75718759
1558990800,1558994399,433.0,435.46,431.0,434.83,1101.65352385
1558994400,1558997999,434.59,435.0,432.0,435.0,810.26205788
1558998000,1559001599,435.2,446.43,435.2,439.1,4913.78917694
1559001600,1559005199,439.59,444.93,434.05,435.76,2992.34517565
1559005200,1559008799,435.77,441.28,434.67,438.53,1840.6699256
1559008800,1559012399,438.24,443.82,437.93,439.31,1720.06848735
1559012400,1559015999,439.26,439.55,432.77,437.62,2009.85565917
1559016000,1559019599,437.79,439.78,437.38,437.38,940.2715208
1559019600,1559023199,437.31,438.16,432.21,433.79,1265.97938508
1559023200,1559026799,433.73,434.05,427.97,431.7,3078.12651959
1559026800,1559030399,431.81,435.2,428.66,433.68,1332.21791646
1559030400,1559033999,433.64,434.31,430.01,433.45,366.64207772
1559034000,1559037599,433.35,436.48,432.12,434.09,759.28599827
1559037600,1559041199,433.93,433.93,429.0,431.56,1097.80136989
1559041200,1559044799,431.4,435.91,430.55,435.91,733.01163974
1559044800,1559048399,434.51,435.91,431.5,432.56,1456.06587472
1559048400,1559051999,432.4,433.77,426.09,429.67,2167.31168518
1559052000,1559055599,429.75,432.2,428.17,431.55,1234.06327043
1559055600,1559059199,431.31,434.0,430.37,432.56,1039.85790119
1559059200,1559062799,432.56,432.7,430.0,431.15,1476.05988223
1559062800,1559066399,430.9,439.6,430.38,435.8,4302.8262388
1559066400,1559069999,435.81,437.77,434.26,437.1,1080.58094583
1559070000,1559073599,437.08,439.0,432.38,434.81,2175.33223255
1559073600,1559077199,434.96,438.41,434.11,437.01,1127.52868411
1559077200,1559080799,437.09,437.58,434.0,436.99,1062.44736129
1559080800,1559084399,437.0,439.83,434.3,435.48,1717.42441846
1559084400,1559087999,435.32,435.34,431.56,433.5,1108.56512364
1559088000,1559091599,433.23,433.65,430.0,431.59,2009.4198588
1559091600,1559095199,431.59,433.67,430.1,430.42,934.32491711
1559095200,1559098799,430.49,431.32,429.0,429.63,1368.69113349
1559098800,1559102399,429.51,430.81,427.62,428.51,1980.12054035
1559102400,1559105999,428.51,428.89,423.8,426.8,3993.98702068
1559106000,1559109599,426.95,427.93,420.0,422.99,3693.62991841
1559109600,1559113199,422.8,427.33,421.51,425.56,754.09239518
1559113200,1559116799,425.41,428.48,425.02,426.33,601.11388047
1559116800,1559120399,426.0,443.17,424.4,437.67,3560.54666334
1559120400,1559123999,437.75,440.31,435.32,440.27,1579.99785508
1559124000,1559127599,440.27,450.0,439.25,444.68,5287.98690559
1559127600,1559131199,444.79,445.59,440.0,440.77,2544.35418608
1559131200,1559134799,440.98,446.8,440.86,445.7,1910.03511616
1559134800,1559138399,445.7,465.95,443.51,457.82,12444.20901848
1559138400,1559141999,457.81,462.3,450.75,451.83,5980.43440488
1559142000,1559145599,451.9,464.69,451.88,463.72,3586.59141357
1559145600,1559149199,463.36,463.38,455.24,459.37,4197.89826512
1559149200,1559152799,459.52,460.0,455.11,455.92,2416.02934434
1559152800,1559156399,455.96,457.48,453.5,456.21,2295.98267262
1559156400,1559159999,455.7,460.0,455.7,457.16,1475.68304653
1559160000,1559163599,456.83,459.68,453.05,454.55,2866.60091555
1559163600,1559167199,454.44,455.33,453.07,454.51,1228.03654641
1559167200,1559170799,454.35,459.21,454.34,457.46,1821.71599037
1559170800,1559174399,457.54,458.24,451.06,456.84,3468.38590516
1559174400,1559177999,456.85,479.12,452.34,473.92,13973.0548504
1559178000,1559181599,473.92,483.33,461.9,469.4,10038.47974389
1559181600,1559185199,469.38,469.5,462.0,467,3611.63115274
1559185200,1559188799,467.31,472.46,464.77,469,3715.75306604
1559188800,1559192399,469.0,470.5,467.0,468.21,2018.03449943
1559192400,1559195999,468.21,473.0,466.5,467.66,2208.09999449
1559196000,1559199599,468.08,471.78,466.82,469.01,781.73236491
1559199600,1559203199,469.01,478.9,468.8,471.33,1764.99427873
1559203200,1559206799,471.68,473.13,461.95,467.5,1512.78000398
1559206800,1559210399,467.33,469.9,465.0,469.43,477.82599016
1559210400,1559213999,469.44,471.91,467.41,468.48,984.58556461
1559214000,1559217599,468.51,469.18,465.0,465.88,2301.2488342
1559217600,1559221199,465.71,468.0,464,465.0,1915.60963721
1559221200,1559224799,465.15,476.99,465,468.18,3030.49858747
1559224800,1559228399,467.93,471.0,467.0,470.06,2227.1432968
1559228400,1559231999,469.96,475.65,468.89,473.48,3190.51450742
1559232000,1559235599,473.48,479.0,452.5,455,13513.49969862
1559235600,1559239199,454.55,455.9,435.0,450,12519.84914594
1559239200,1559242799,450.0,451.4,447.51,450.73,2829.92713939
1559242800,1559246399,450.89,453.79,446.84,447.83,3151.67131982
1559246400,1559249999,447.84,447.84,435.11,440.0,7693.71292796
1559250000,1559253599,439.72,445.0,401.73,415.97,17147.85624089
1559253600,1559257199,415.97,431,413.18,422.21,8133.33177183
1559257200,1559260799,422.16,425,415.23,422.41,3170.94119821
1559260800,1559264399,421.88,427.89,420.87,427.49,2295.20253723
1559264400,1559267999,427.06,430.0,426.0,426.23,2515.17714743
1559268000,1559271599,426.22,427.84,420.0,423.61,2172.03481138
1559271600,1559275199,423.61,425.0,418.59,422.96,2462.31832586
1559275200,1559278799,423.33,424.0,415.0,415.12,1886.1249163
1559278800,1559282399,415.67,421.01,412.99,420.41,1849.70925537
1559282400,1559285999,420.65,424.0,420.53,423.88,904.87777818
1559286000,1559289599,423.9,425.5,420.29,424.38,1161.67428462
1559289600,1559293199,424.67,425.02,420.71,421.44,604.72236214
1559293200,1559296799,421.36,422.73,420.81,421.43,886.74771782
1559296800,1559300399,421.4,426.0,421.33,423.96,1049.2429533
1559300400,1559303999,423.78,424.82,419.88,421.24,1039.44107711
1559304000,1559307599,421.35,426.63,420.11,426.09,1374.02363283
1559307600,1559311199,426.6,436.0,426.6,433.82,3501.80749528
1559311200,1559314799,434.01,442.42,430.72,436.47,3503.66257549
1559314800,1559318399,436.55,438.38,427.01,428.48,2231.4119466
1559318400,1559321999,428.65,433.87,424.44,428.88,1621.42256344
1559322000,1559325599,428.74,431.98,425.57,430.16,1898.22004733
1559325600,1559329199,430.16,436.35,429.69,431.64,1220.7870619
1559329200,1559332799,431.7,434.11,430.04,431.62,1265.64306185
1559332800,1559336399,431.53,436.1,428.5,435.15,2450.99849411
1559336400,1559339999,435.36,439.5,435.0,438.05,2979.95305424
1559340000,1559343599,438.07,438.87,435.23,437.97,2146.52727878
1559343600,1559347199,437.97,444.97,437.84,443.39,2815.78171708
1559347200,1559350799,443.48,449,440.26,448.91,2511.18916729
1559350800,1559354399,448.41,449,445.14,446.24,2138.45171298
1559354400,1559357999,446.21,446.45,441.01,446.45,1688.1494332
1559358000,1559361599,446.22,446.92,443.08,443.8,625.42928664
1559361600,1559365199,443.65,444.33,440.53,443.88,1579.05918997
1559365200,1559368799,443.88,443.88,434.47,437.16,2450.53454785
1559368800,1559372399,437.19,441.58,434.1,441.0,1748.73466715
1559372400,1559375999,441.01,441.49,437.48,439.97,1255.61363619
1559376000,1559379599,439.7,442.66,438.45,442.45,849.99504637
1559379600,1559383199,442.78,445.5,441.49,443.24,1213.42436872
1559383200,1559386799,443.11,444.03,439.18,441.86,757.58764351
1559386800,1559390399,441.8,442.7,439.43,442.11,832.86374389
1559390400,1559393999,442.06,442.64,439.93,440.57,725.70134478
1559394000,1559397599,440.76,441.42,436.6,437.94,1001.61231816
1559397600,1559401199,437.57,438.93,427.67,431.5,3410.94435961
1559401200,1559404799,431.23,435.64,430.76,434.73,1249.79546749
1559404800,1559408399,434.9,437.29,432.42,433.82,1015.02608293
1559408400,1559411999,433.81,433.81,428.7,430.93,2703.18903739
1559412000,1559415599,431.05,433.47,430.19,431.82,2209.16445232
1559415600,1559419199,431.67,434.18,430.0,433.19,1424.72590464
1559419200,1559422799,433.55,438.35,433.55,436.75,1317.82411804
1559422800,1559426399,436.75,442.47,436.75,440.9,1303.95453565
1559426400,1559429999,441.02,441.2,433.8,437.86,1483.41962659
1559430000,1559433599,437.88,438.35,428.77,432.5,2410.36991895
1559433600,1559437199,432.75,437.7,431.49,435.63,1462.95956216
1559437200,1559440799,435.67,437.92,433.59,435.8,973.62952573
1559440800,1559444399,435.88,438.42,434.58,435.49,1518.2432074
1559444400,1559447999,435.2,437.75,434.0,436.21,597.75518178
1559448000,1559451599,436.25,438.85,436.25,438.17,964.19818077
1559451600,1559455199,438.57,441.0,437.04,440.1,981.1486478
1559455200,1559458799,439.86,440.9,437.79,439.2,460.75842869
1559458800,1559462399,439.31,447.6,439.17,445.42,1477.25882508
1559462400,1559465999,445.78,449.07,444.71,447.78,2076.97952174
1559466000,1559469599,447.87,448.71,444.7,445.37,898.9292298
1559469600,1559473199,445.44,445.96,441.51,445.65,1188.19528557
1559473200,1559476799,445.75,447.26,444.68,445.91,636.53443249
1559476800,1559480399,446.05,452.75,446.03,448.09,1976.57612964
1559480400,1559483999,448.31,448.41,437.02,442.08,1874.30526159
1559484000,1559487599,442.12,443.97,440.5,441.73,962.34458897
1559487600,1559491199,441.73,444.44,439.17,440.98,1887.33793012
1559491200,1559494799,440.92,442.58,437.0,440.88,1307.7012382
1559494800,1559498399,440.93,444.64,438.24,439.01,1812.89531012
1559498400,1559501999,439.23,440.69,437.34,438.74,1194.80371904
1559502000,1559505599,438.84,441.62,436.15,440.14,2005.60287629
1559505600,1559509199,440.23,442.62,438.52,440.03,455.15986201
1559509200,1559512799,439.93,441.96,438.9,441.55,1274.02380327
1559512800,1559516399,441.87,443.0,439.71,442.89,1061.4209359
1559516400,1559519999,442.81,444.03,441.16,441.46,780.31906601
1559520000,1559523599,441.54,447.5,439.42,443.21,2441.40228736
1559523600,1559527199,443.08,444.5,440.5,443.4,1664.39373943
1559527200,1559530799,443.15,446.5,441.75,444.31,1531.62485515
1559530800,1559534399,444.32,445.94,441.34,442.66,1314.3230621
1559534400,1559537999,442.49,443.41,441.03,443.24,464.59378484
1559538000,1559541599,443.16,443.16,439.0,439.7,2360.27600939
1559541600,1559545199,439.33,440.64,426.69,429.33,5695.10318821
1559545200,1559548799,429.5,429.77,419.21,425.34,4150.10532074
1559548800,1559552399,425.97,429.99,424.0,424.3,2170.62651397
1559552400,1559555999,424.3,430.0,423.14,427.7,972.10656812
1559556000,1559559599,427.7,432.99,427.43,430.53,1682.78151323
1559559600,1559563199,430.8,431.31,426.91,427.84,709.62258241
1559563200,1559566799,427.63,431.25,425.06,428.36,1556.72063733
1559566800,1559570399,428.15,429.12,424.28,424.54,1958.9170564
1559570400,1559573999,425.1,427.51,415.5,421.25,4717.00972807
1559574000,1559577599,421.35,425.48,416.42,424.26,3778.68406024
1559577600,1559581199,423.81,427.26,421.12,425.84,2268.04314599
1559581200,1559584799,425.97,425.99,421.0,422.0,1203.45549638
1559584800,1559588399,422.28,427.99,422.0,426.28,1658.3128412
1559588400,1559591999,426.77,428.93,425.8,428.49,1000.24318417
1559592000,1559595599,428.79,428.97,426.2,427.22,486.92441218
1559595600,1559599199,428.0,428.0,423.02,423.32,1186.41239045
1559599200,1559602799,423.08,424.27,416.73,423.48,4168.82344284
1559602800,1559606399,423.14,423.72,395.0,401.02,21477.0009766
1559606400,1559609999,401.49,402.2,375.01,394.49,24030.54070981
1559610000,1559613599,394.51,401.99,393.5,396.3,4433.8184357
1559613600,1559617199,396.3,399.34,394.39,398.68,2303.49698988
1559617200,1559620799,398.89,399.5,388.01,388.96,2695.52436791
1559620800,1559624399,388.95,395.66,387.5,393.88,3318.80206586
1559624400,1559627999,393.68,396.0,392.0,393.03,1821.59224684
1559628000,1559631599,393.04,393.32,384.5,388.06,2517.64252026
1559631600,1559635199,388.05,393.22,382.21,392.09,2213.95716107
1559635200,1559638799,392.06,398.66,392.06,397.14,1169.26692597
1559638800,1559642399,397.35,399.15,394.63,396.24,1252.61617601
1559642400,1559645999,396.24,398.99,393.07,395.49,911.23825526
1559646000,1559649599,395.04,395.76,389.22,390.74,1025.35572875
1559649600,1559653199,390.99,394.31,388.2,393.62,1427.29042248
1559653200,1559656799,394.06,398.51,392.89,397.95,1736.02097847
1559656800,1559660399,398.0,398.34,395.75,396.59,1141.56924935
1559660400,1559663999,396.39,397.99,390.5,393.0,1827.12666715
1559664000,1559667599,393.0,396.0,390.0,390.9,2025.56762281
1559667600,1559671199,391.39,392.96,372.36,375.86,13068.64159198
1559671200,1559674799,375.9,383.08,375.22,376.74,6180.26249397
1559674800,1559678399,376.25,377.59,362.53,370.02,11916.89264735
1559678400,1559681999,369.35,378.0,366.3,377.02,4234.99600007
1559682000,1559685599,377.02,382.85,365.42,366.22,5159.18207054
1559685600,1559689199,366.37,383.55,365.73,380.31,5387.86812832
1559689200,1559692799,381.31,384.71,376.85,382.87,2770.18008075
1559692800,1559696399,382.88,390.15,381.8,385.08,4938.11537891
1559696400,1559699999,385.03,388.0,382.27,385.25,2057.14141434
1559700000,1559703599,385.68,392.66,385.18,391.57,2062.05760738
1559703600,1559707199,391.75,392.55,388.01,390.2,1339.11266636
1559707200,1559710799,390.3,390.69,385.91,389.16,1083.4432214
1559710800,1559714399,389.3,390.59,385.99,386.45,956.99418972
1559714400,1559717999,385.93,389.43,385.2,389.02,704.13541847
1559718000,1559721599,388.73,416.16,388.72,405.0,5479.79870382
1559721600,1559725199,404.91,411.11,402.17,404.84,1588.63165787
1559725200,1559728799,404.86,409.91,402.58,409.91,1144.30910217
1559728800,1559732399,409.84,419.2,405.44,410.19,1785.40417908
1559732400,1559735999,409.21,418.94,399.79,401.93,2390.77511397
1559736000,1559739599,401.61,402.31,387.94,392.17,6454.82408474
1559739600,1559743199,392.41,397.0,390.0,392.6,3043.14046666
1559743200,1559746799,393.04,397.5,383.21,386.26,6009.68948258
1559746800,1559750399,386.76,390.03,378.86,386.0,4112.11936232
1559750400,1559753999,385.78,399.0,385.56,395.58,4805.53838372
1559754000,1559757599,396.03,400.8,392.09,396.17,2315.98435762
1559757600,1559761199,396.63,398.21,392.23,394.4,2921.6201679
1559761200,1559764799,394.58,399.0,394.31,396.76,3190.00530549
1559764800,1559768399,396.54,405.18,387.89,394.38,7246.28139461
1559768400,1559771999,393.64,397.0,386.16,395.32,2450.9540663
1559772000,1559775599,394.38,398.99,391.66,398.25,3336.30806686
1559775600,1559779199,398.16,399.99,396.59,397.52,1801.69690109
1559779200,1559782799,396.91,398.64,392.54,395.83,2306.54065033
1559782800,1559786399,395.69,402.18,394.25,397.94,2376.50954738
1559786400,1559789999,397.72,402.39,396.01,398.87,1913.38057252
1559790000,1559793599,399.08,401.56,398.51,400.55,1414.36345298
1559793600,1559797199,400.6,400.61,396.5,397.22,1013.09764063
1559797200,1559800799,397.38,398.2,388.0,393.46,3123.94917798
1559800800,1559804399,393.41,396.0,393.24,395.33,354.26923472
1559804400,1559807999,395.63,395.7,390.59,391.1,792.17296436
1559808000,1559811599,390.95,393.49,387.0,391.53,984.87838211
1559811600,1559815199,390.64,393.27,387.5,387.88,1073.17612328
1559815200,1559818799,387.91,392.02,387.91,390.84,516.85549317
1559818800,1559822399,390.94,395.17,389.97,394.42,892.98987234
1559822400,1559825999,395.06,396.05,387.83,389.51,2903.97332274
1559826000,1559829599,389.5,389.5,383.0,388.21,3018.06907539
1559829600,1559833199,387.99,387.99,380.77,385.98,3076.06914141
1559833200,1559836799,386.0,387.96,383.12,386.47,1387.76827195
1559836800,1559840399,387.0,388.21,383.45,385.01,1317.99507506
1559840400,1559843999,384.88,387.27,381.0,381.41,2331.63782811
1559844000,1559847599,381.42,382.21,369.11,378.4,8107.39311818
1559847600,1559851199,377.18,379.87,375.14,378.29,2257.04697588
1559851200,1559854799,378.19,384.77,377.2,382.47,2836.12092793
1559854800,1559858399,382.2,393.0,382.04,391.75,1268.75143595
1559858400,1559861999,391.54,393.74,388.06,393.22,2345.43948238
1559862000,1559865599,393.01,398.5,390.84,396.64,3675.63798472
1559865600,1559869199,397.0,398.5,391.5,392.85,4642.61366463
1559869200,1559872799,392.87,394.9,391.73,391.84,604.75377208
1559872800,1559876399,391.84,394.23,389.3,391.99,1227.28472509
1559876400,1559879999,391.9,395.09,391.81,394.21,1427.73818879
1559880000,1559883599,394.33,394.65,392.42,393.29,789.46374218
1559883600,1559887199,393.01,393.73,392.39,392.97,573.26526463
1559887200,1559890799,393.0,401.0,392.99,399.1,3450.91294293
1559890800,1559894399,399.1,402.87,396.48,396.48,2093.89515939
1559894400,1559897999,396.82,401.27,396.82,398.43,949.24182981
1559898000,1559901599,398.19,400.0,396.32,397.44,1476.72019365
1559901600,1559905199,397.4,399.5,397.0,397.58,585.60715863
1559905200,1559908799,397.65,398.32,394.5,394.5,1504.5151956
1559908800,1559912399,394.51,396.87,394.17,395.19,960.67533147
1559912400,1559915999,395.66,399.91,394.79,399.28,886.00841451
1559916000,1559919599,398.53,399.3,394.81,395.95,1205.79312222
1559919600,1559923199,396.09,397.4,395.22,396.73,1033.9052139
1559923200,1559926799,396.32,410.39,395.1,406.03,6070.68685826
1559926800,1559930399,406.12,410.84,405.86,408.81,2332.42963541
1559930400,1559933999,409.0,410.99,407.0,407.9,1663.34677999
1559934000,1559937599,407.4,407.95,398.59,400.0,4883.79741182
1559937600,1559941199,399.88,403.3,397,397.01,2558.72179743
1559941200,1559944799,397.05,399.39,396,398.0,1088.70099191
1559944800,1559948399,398.06,408.21,398.0,405.99,1658.48820915
1559948400,1559951999,405.78,406.97,398.91,399.03,1838.27941905
1559952000,1559955599,399.09,404.79,397.5,401.7,1368.36717894
1559955600,1559959199,402.66,403.35,397.5,398.93,763.82307269
1559959200,1559962799,399.12,399.19,395.5,396.99,907.55948152
1559962800,1559966399,396.93,399.67,395.68,396.65,785.26358895
